segment_id,cluster_id,archetype_name,baseline_layer_version,population_share,population_adult_share,population_rank,dominant_age_bin,dominant_sex_label,dominant_race_eth,dominant_edu_tier,dominant_emp_tier,dominant_income_tier,dominant_household_income_tier,dominant_mar_tier,dominant_tenure,structural_profile,psych_signals,psych_summary,media_signals,media_summary,motivational_drivers,key_barriers,trust_cues,channel_implications,messaging_implications,offer_implications,susceptibility_notes,narrative_summary,tags,source_layers,rag_text
BTA_00,0,Diverse Mid-Life Workers,v1,0.17249287380485914,0.172,,35-44,Female,White,HS_or_less,Employed,20-49k,50-99k,Married,Owner,"Segment composed of individuals primarily aged 35-44, employed, married, with hs or less education, individual income typically in the 20-49k range, household income typically in the 50-99k range, mostly homeowners, predominantly White.",['media_engagement: low (above baseline)'],"This segment appears to exhibit relatively low engagement with media, at a level that nonetheless sits above the broader population baseline, suggesting a modest but notable tendency toward limited media consumption. This pattern may indicate a pragmatic or time-constrained relationship with news and entertainment rather than active disengagement. The available signals are limited, and broader attitudinal or ideological tendencies remain unclear from the data provided.","['media_usage: internet_frequency (below baseline)'
 'media_usage: instagram (above baseline)'
 'media_usage: whatsapp (above baseline)']","This segment appears to use the internet at lower rates than the general population, which may indicate reduced engagement with desktop or browser-based media environments. However, elevated usage of Instagram and WhatsApp suggests a relatively strong orientation toward mobile-first, app-based platforms for both content consumption and interpersonal communication. The combination of below-baseline general internet frequency with above-baseline social and messaging app usage may indicate that this segment's digital activity is concentrated within specific platform ecosystems rather than distributed broadly across the web.",,,,,,,,"Diverse Mid-Life Workers represents roughly 17 percent of the U.S. adult population and is structurally characterized by mid-career adults aged 35–44 who are predominantly employed, married, and homeowning, with educational attainment at or below the high school level and individual incomes typically in the $20,000–$49,000 range that are supplemented at the household level to reach the $50,000–$99,000 band, suggesting dual-income or multi-earner arrangements in many cases. Despite the ""diverse"" segment label, the group is described as predominantly White, which may reflect geographic or occupational clustering rather than demographic breadth. Media engagement appears modest but sits slightly above the general population baseline, a pattern that may reflect the time constraints associated with employment and family responsibilities rather than active disengagement from information environments. Notably, general internet frequency registers below baseline while Instagram and WhatsApp usage both appear elevated, suggesting that digital activity within this segment tends to be concentrated in mobile-first, app-based platforms oriented toward visual content and interpersonal messaging rather than broader web browsing or desktop media consumption. This platform orientation may reflect the practical communication needs and social connectivity patterns of a working, family-centered demographic. Broader attitudinal or ideological signals are limited in the available evidence, leaving important dimensions of this segment's worldview and values ambiguous.","['35-44', 'female', 'white', 'hs_or_less', 'employed', '20-49k', '50-99k', 'married', 'owner', 'media_engagement_low', 'media_usage_instagram', 'media_usage_whatsapp']","['ACS_structural', 'GSS_psych', 'Pew_NPORS_media']","Segment ID: BTA_00
Segment name: Diverse Mid-Life Workers
Population relevance: 17.2% of the U.S. population; 17.2% of the adult population
Structural profile: Segment composed of individuals primarily aged 35-44, employed, married, with hs or less education, individual income typically in the 20-49k range, household income typically in the 50-99k range, mostly homeowners, predominantly White.
Psychological profile: This segment appears to exhibit relatively low engagement with media, at a level that nonetheless sits above the broader population baseline, suggesting a modest but notable tendency toward limited media consumption. This pattern may indicate a pragmatic or time-constrained relationship with news and entertainment rather than active disengagement. The available signals are limited, and broader attitudinal or ideological tendencies remain unclear from the data provided.
Media behavior: This segment appears to use the internet at lower rates than the general population, which may indicate reduced engagement with desktop or browser-based media environments. However, elevated usage of Instagram and WhatsApp suggests a relatively strong orientation toward mobile-first, app-based platforms for both content consumption and interpersonal communication. The combination of below-baseline general internet frequency with above-baseline social and messaging app usage may indicate that this segment's digital activity is concentrated within specific platform ecosystems rather than distributed broadly across the web.
Interpretation: This segment appears to be defined by working- and middle-class stability—employed, homeowning, mid-income—combined with a notably selective digital footprint, suggesting individuals whose media engagement is functionally bounded rather than ideologically driven. The contrast between low general internet use and elevated mobile social and messaging activity may indicate that connectivity for this segment is interpersonal and habitual rather than broadly exploratory, though attitudinal and motivational dimensions remain largely ambiguous from available data."
BTA_01,1,Older Non-Partnered Adults,v1,0.16180607424194365,0.162,,65+,Female,White,HS_or_less,Employed,0-19k,20-49k,Previously_Married,No_Rent,"Segment composed of individuals primarily aged 65+, employed, previously married, with hs or less education, individual income typically in the 0-19k range, household income typically in the 20-49k range, mostly non-paying occupants, predominantly White.","['media_engagement: low (below baseline)'
 'party_alignment: democrat (above baseline)'
 'media_engagement: high (above baseline)']","This segment appears to lean toward Democratic party alignment relative to the broader population. The media engagement signals are notably mixed, with both low and high engagement appearing above or below baseline simultaneously, suggesting possible heterogeneity within the segment or ambiguity in the underlying data rather than a clear uniform pattern. This tension in media engagement may indicate that the group does not behave consistently as a single attitudinal bloc, despite the shared partisan tendency.","['media_usage: internet_frequency (above baseline)'
 'media_usage: instagram (below baseline)'
 'media_usage: youtube (below baseline)']","This segment appears to engage with the internet at above-average rates, suggesting a meaningful level of digital connectivity despite older demographic characteristics. However, below-baseline usage of both Instagram and YouTube may indicate that this internet engagement is concentrated in channels other than visual social media and video streaming platforms. The pattern suggests a digital presence that is active but potentially oriented toward non-visual or non-social online activities, such as news, email, or informational browsing.",,,,,,,,"Older Non-Partnered Adults represent approximately 16 percent of the U.S. adult population and are structurally characterized by adults aged 65 and older who are previously married, predominantly White, employed or post-employment, and operating at relatively modest income levels—with individual incomes typically below $20,000 and household incomes in the $20,000–$49,000 range. The segment's educational profile skews toward high school or less, and most members appear to occupy housing as non-paying residents, which may reflect informal living arrangements with family or others. Politically, the segment shows above-baseline Democratic party alignment, though this tendency should be interpreted with some caution given the internal heterogeneity suggested by the media engagement signals, where both high and low engagement patterns appear simultaneously above and below baseline, indicating this group may not behave as a uniform attitudinal bloc. Digitally, the segment displays above-baseline internet use, suggesting meaningful online connectivity that is somewhat unexpected given the older demographic profile, though below-baseline usage of Instagram and YouTube suggests this engagement is likely concentrated in less visually oriented or less social online activities such as email, news consumption, or informational browsing rather than platform-driven social media. Taken together, the profile describes an older, modestly resourced, and largely non-partnered population with a discernible but complex relationship to both digital media and partisan identification.","['65+', 'female', 'white', 'hs_or_less', 'employed', '0-19k', '20-49k', 'previously_married', 'no_rent', 'party_alignment_democrat', 'media_engagement_high', 'media_usage_internet_frequency']","['ACS_structural', 'GSS_psych', 'Pew_NPORS_media']","Segment ID: BTA_01
Segment name: Older Non-Partnered Adults
Population relevance: 16.2% of the U.S. population; 16.2% of the adult population
Structural profile: Segment composed of individuals primarily aged 65+, employed, previously married, with hs or less education, individual income typically in the 0-19k range, household income typically in the 20-49k range, mostly non-paying occupants, predominantly White.
Psychological profile: This segment appears to lean toward Democratic party alignment relative to the broader population. The media engagement signals are notably mixed, with both low and high engagement appearing above or below baseline simultaneously, suggesting possible heterogeneity within the segment or ambiguity in the underlying data rather than a clear uniform pattern. This tension in media engagement may indicate that the group does not behave consistently as a single attitudinal bloc, despite the shared partisan tendency.
Media behavior: This segment appears to engage with the internet at above-average rates, suggesting a meaningful level of digital connectivity despite older demographic characteristics. However, below-baseline usage of both Instagram and YouTube may indicate that this internet engagement is concentrated in channels other than visual social media and video streaming platforms. The pattern suggests a digital presence that is active but potentially oriented toward non-visual or non-social online activities, such as news, email, or informational browsing.
Interpretation: This segment of older, lower-income, non-partnered adults appears to combine a modest Democratic partisan lean with notably heterogeneous media behaviors, suggesting it may not function as a cohesive attitudinal bloc despite shared demographic circumstances. The tension between above-average internet engagement and below-baseline visual and social media usage may indicate a digitally active but platform-selective orientation, pointing to internal diversity in how members consume and process information."
BTA_02,2,Young Hispanic Working Adults,v1,0.05351219201361039,0.054,,35-44,Male,Hispanic,HS_or_less,Employed,20-49k,100-199k,Married,Owner,"Segment composed of individuals primarily aged 35-44, employed, married, with hs or less education, individual income typically in the 20-49k range, household income typically in the 100-199k range, mostly homeowners, predominantly Hispanic.","['media_engagement: low (above baseline)'
 'media_engagement: high (below baseline)'
 'party_alignment: republican (below baseline)']","This segment appears to show a tendency toward lower media engagement relative to the broader population, with high media engagement notably below baseline, suggesting a more limited or selective relationship with media consumption overall. The below-baseline signal for Republican party alignment may indicate a reduced affinity for conservative political identity, though the absence of strong opposing signals makes it difficult to characterize their political orientation with confidence. Taken together, the pattern suggests a segment that is relatively disengaged from both mainstream media and conventional partisan political frameworks.","['media_usage: tiktok (above baseline)'
 'media_usage: whatsapp (above baseline)'
 'media_usage: instagram (above baseline)']","This segment appears to concentrate its media activity within mobile-first, visually oriented social platforms, with TikTok and Instagram both registering above baseline alongside WhatsApp. The co-elevation of WhatsApp may suggest that peer and community messaging plays a meaningful role alongside public-facing content consumption. Taken together, these signals indicate a media environment that is predominantly social, mobile, and likely integrated across both broadcast-style and interpersonal communication channels.",,,,,,,,"Young Hispanic Working Adults represent approximately 5.4% of the U.S. adult population and appear structurally defined by a combination of working-age stability and economic complexity — individuals primarily in the 35–44 age range, employed and married, with household incomes in the $100–199k range despite individual earnings and educational attainment that skew more modest, suggesting multi-income household dynamics may be a meaningful feature of this group's economic position. Homeownership rates above what education and individual income alone might predict further reinforce a picture of household-level resource consolidation. Psychologically, the segment appears relatively disengaged from conventional media consumption, with high media engagement registering below baseline, while simultaneously showing above-baseline presence on TikTok, Instagram, and WhatsApp — a pattern that may indicate selective, socially embedded media use rather than broad passive consumption. The co-elevation of WhatsApp alongside public-facing social platforms suggests that interpersonal and community communication channels carry particular salience within this group's information environment. Republican party alignment appears below baseline, though the absence of countervailing signals makes confident characterization of their political orientation difficult, and the segment may be better understood as relatively detached from conventional partisan frameworks than as ideologically aligned with an opposing position. Taken together, the profile suggests a group navigating established adult roles — employment, marriage, homeownership — through social and cultural networks that","['35-44', 'male', 'hispanic', 'hs_or_less', 'employed', '20-49k', '100-199k', 'married', 'owner', 'media_engagement_low', 'media_usage_tiktok', 'media_usage_whatsapp', 'media_usage_instagram']","['ACS_structural', 'GSS_psych', 'Pew_NPORS_media']","Segment ID: BTA_02
Segment name: Young Hispanic Working Adults
Population relevance: 5.4% of the U.S. population; 5.4% of the adult population
Structural profile: Segment composed of individuals primarily aged 35-44, employed, married, with hs or less education, individual income typically in the 20-49k range, household income typically in the 100-199k range, mostly homeowners, predominantly Hispanic.
Psychological profile: This segment appears to show a tendency toward lower media engagement relative to the broader population, with high media engagement notably below baseline, suggesting a more limited or selective relationship with media consumption overall. The below-baseline signal for Republican party alignment may indicate a reduced affinity for conservative political identity, though the absence of strong opposing signals makes it difficult to characterize their political orientation with confidence. Taken together, the pattern suggests a segment that is relatively disengaged from both mainstream media and conventional partisan political frameworks.
Media behavior: This segment appears to concentrate its media activity within mobile-first, visually oriented social platforms, with TikTok and Instagram both registering above baseline alongside WhatsApp. The co-elevation of WhatsApp may suggest that peer and community messaging plays a meaningful role alongside public-facing content consumption. Taken together, these signals indicate a media environment that is predominantly social, mobile, and likely integrated across both broadcast-style and interpersonal communication channels.
Interpretation: This segment appears to be a pragmatically oriented, community-connected group whose selective media engagement and muted partisan signals suggest a degree of detachment from mainstream institutional frameworks, both political and media-related. The tension between relatively modest individual incomes and elevated household income levels, combined with a mobile-first, peer-networked media environment, may indicate that social and familial networks play a more central organizing role than formal channels or ideological affiliations."
BTA_03,3,Retired Renters,v1,0.12540031220693365,0.125,,65+,Male,White,HS_or_less,Retired,20-49k,50-99k,Married,Renter,"Segment composed of individuals primarily aged 65+, retired, married, with hs or less education, individual income typically in the 20-49k range, household income typically in the 50-99k range, mostly renters, predominantly White.","['media_engagement: low (below baseline)'
 'media_engagement: high (above baseline)'
 'ideology: conservative (above baseline)']","This segment appears to lean conservative in its ideological orientation, suggesting a right-of-center attitudinal disposition relative to the general population. The media engagement signals are notably mixed, with indicators both above and below baseline, which may reflect internal variation within the segment or ambivalence toward media consumption rather than a consistent pattern. This ambiguity makes it difficult to characterize the segment's information environment with confidence, though the ideological signal remains a meaningful distinguishing feature.","['media_usage: internet_frequency (above baseline)'
 'media_usage: instagram (below baseline)'
 'media_usage: tiktok (below baseline)']","This segment appears to engage with the internet at above-average frequency, suggesting a meaningful level of digital activity despite older demographic associations. At the same time, below-baseline usage of Instagram and TikTok may indicate a preference for online environments outside of visually driven or short-form social media platforms. Taken together, the signals suggest internet engagement that is relatively active but oriented away from younger-skewing social channels.",,,,,,,,"Retired Renters represent approximately 12.5% of the U.S. adult population and are structurally characterized by adults aged 65 and older who are predominantly retired, married, White, and hold a high school education or less, with individual incomes typically in the $20,000–$49,000 range and household incomes that suggest the presence of a partner or combined income source in the $50,000–$99,000 band. Their renter status is a notable structural feature given their age cohort, where homeownership rates are typically higher, which may indicate constrained asset accumulation or specific regional and lifestyle circumstances. Ideologically, the segment appears to lean conservative relative to the general population, representing a meaningful attitudinal signal even amid other ambiguities. Media engagement presents a notably mixed picture, with indicators both above and below baseline, suggesting possible internal variation within the segment rather than a uniform relationship with media consumption. Digitally, the segment appears to engage with the internet at above-average frequency for its demographic profile, though below-baseline usage of Instagram and TikTok suggests this activity is oriented away from visually driven, short-form social platforms that skew toward younger audiences. The combination of conservative ideological leaning, active but selectively directed internet use, and ambiguous overall media engagement makes this a structurally and behaviorally distinctive segment within the broader retired population.","['65+', 'male', 'white', 'hs_or_less', 'retired', '20-49k', '50-99k', 'married', 'renter', 'media_engagement_high', 'ideology_conservative', 'media_usage_internet_frequency']","['ACS_structural', 'GSS_psych', 'Pew_NPORS_media']","Segment ID: BTA_03
Segment name: Retired Renters
Population relevance: 12.5% of the U.S. population; 12.5% of the adult population
Structural profile: Segment composed of individuals primarily aged 65+, retired, married, with hs or less education, individual income typically in the 20-49k range, household income typically in the 50-99k range, mostly renters, predominantly White.
Psychological profile: This segment appears to lean conservative in its ideological orientation, suggesting a right-of-center attitudinal disposition relative to the general population. The media engagement signals are notably mixed, with indicators both above and below baseline, which may reflect internal variation within the segment or ambivalence toward media consumption rather than a consistent pattern. This ambiguity makes it difficult to characterize the segment's information environment with confidence, though the ideological signal remains a meaningful distinguishing feature.
Media behavior: This segment appears to engage with the internet at above-average frequency, suggesting a meaningful level of digital activity despite older demographic associations. At the same time, below-baseline usage of Instagram and TikTok may indicate a preference for online environments outside of visually driven or short-form social media platforms. Taken together, the signals suggest internet engagement that is relatively active but oriented away from younger-skewing social channels.
Interpretation: This segment appears to combine a conservative ideological lean with an unexpectedly active digital presence, though ambivalent or inconsistent media engagement signals suggest meaningful internal heterogeneity that resists simple characterization. The tension between above-average internet activity and avoidance of visually driven social platforms may indicate selective, purposeful digital engagement rather than broad media immersion."
BTA_04,4,Mid-Career Homeowners,v1,0.15088268461180904,0.151,,45-54,Male,White,HS_or_less,Employed,20-49k,100-199k,Married,Owner,"Segment composed of individuals primarily aged 45-54, employed, married, with hs or less education, individual income typically in the 20-49k range, household income typically in the 100-199k range, mostly homeowners, predominantly White.","['media_engagement: high (below baseline)'
 'media_engagement: low (above baseline)']","This segment presents an ambiguous and somewhat contradictory media engagement profile, with signals suggesting both lower-than-baseline high engagement and higher-than-baseline low engagement. Taken together, this pattern may indicate a tendency toward limited or selective media consumption rather than active, sustained media involvement. The overall signal appears to point toward a segment that is relatively disengaged from media relative to the broader population, though the mixed nature of the indicators warrants cautious interpretation.","['media_usage: internet_frequency (below baseline)'
 'media_usage: snapchat (above baseline)']","This segment shows a somewhat mixed media profile that may reflect generational or lifestyle complexity. Internet usage frequency appears below the general population baseline, suggesting this group may not be heavy general web consumers, yet Snapchat usage is elevated relative to the broader population, indicating engagement with at least one mobile-first, visually oriented social platform. The combination of lower overall internet frequency alongside above-baseline Snapchat activity may suggest that when this segment does engage digitally, it tends toward specific, app-based channels rather than broad or habitual browsing behavior.",,,,,,,,"Mid-Career Homeowners represent approximately 15% of the U.S. adult population and are structurally characterized by middle adulthood (ages 45–54), employment, marriage, homeownership, and predominantly high school or lower educational attainment, with individual incomes typically in the $20,000–$49,000 range set against notably higher household incomes in the $100,000–$199,000 band, suggesting dual-income household arrangements are likely common within this group. The segment is predominantly White and appears to occupy a settled, domestically anchored life stage. Media engagement signals are ambiguous and somewhat contradictory, with indicators pointing both toward below-baseline high engagement and above-baseline low engagement, which together may suggest a pattern of selective or limited media consumption rather than sustained media involvement. Internet usage frequency appears below the general population baseline, yet Snapchat engagement is elevated, a combination that may indicate this group gravitates toward specific, app-based digital interactions rather than broad habitual browsing — a pattern that is somewhat unexpected given the segment's age profile and warrants cautious interpretation rather than a firm conclusion. Overall, this segment appears to represent a structurally stable, economically moderate-to-comfortable middle-American demographic whose media behavior is characterized more by selectivity and constraint than by active or expansive consumption.","['45-54', 'male', 'white', 'hs_or_less', 'employed', '20-49k', '100-199k', 'married', 'owner', 'media_engagement_low', 'media_usage_snapchat']","['ACS_structural', 'GSS_psych', 'Pew_NPORS_media']","Segment ID: BTA_04
Segment name: Mid-Career Homeowners
Population relevance: 15.1% of the U.S. population; 15.1% of the adult population
Structural profile: Segment composed of individuals primarily aged 45-54, employed, married, with hs or less education, individual income typically in the 20-49k range, household income typically in the 100-199k range, mostly homeowners, predominantly White.
Psychological profile: This segment presents an ambiguous and somewhat contradictory media engagement profile, with signals suggesting both lower-than-baseline high engagement and higher-than-baseline low engagement. Taken together, this pattern may indicate a tendency toward limited or selective media consumption rather than active, sustained media involvement. The overall signal appears to point toward a segment that is relatively disengaged from media relative to the broader population, though the mixed nature of the indicators warrants cautious interpretation.
Media behavior: This segment shows a somewhat mixed media profile that may reflect generational or lifestyle complexity. Internet usage frequency appears below the general population baseline, suggesting this group may not be heavy general web consumers, yet Snapchat usage is elevated relative to the broader population, indicating engagement with at least one mobile-first, visually oriented social platform. The combination of lower overall internet frequency alongside above-baseline Snapchat activity may suggest that when this segment does engage digitally, it tends toward specific, app-based channels rather than broad or habitual browsing behavior.
Interpretation: This segment appears characterized by selective, platform-specific digital engagement despite relatively limited overall media consumption, suggesting a pattern of purposeful rather than habitual media use. The notable tension between lower general internet activity and elevated presence on a mobile-first social platform may indicate heterogeneity in how digital habits form within this demographic, warranting caution against treating it as uniformly disengaged."
BTA_05,5,Young Non-Owning Singles,v1,0.14441574913410044,0.144,,25-34,Female,White,HS_or_less,Employed,0-19k,50-99k,Never_Married,No_Rent,"Segment composed of individuals primarily aged 25-34, employed, never married, with hs or less education, individual income typically in the 0-19k range, household income typically in the 50-99k range, mostly non-paying occupants, predominantly White.","['media_engagement: low (above baseline)'
 'media_engagement: high (below baseline)'
 'party_alignment: republican (below baseline)']","This segment appears less likely than the general population to identify with the Republican Party, suggesting a potential lean toward non-conservative political orientations, though the nature of that lean cannot be specified from the available signals. Media engagement tendencies are notably skewed, with above-baseline representation among low-engagement individuals and below-baseline representation among high-engagement individuals, indicating this group may be relatively disengaged from media consumption overall. Taken together, the signals suggest a segment characterized by limited media attentiveness and a political profile that diverges from Republican alignment.","['media_usage: internet_frequency (below baseline)'
 'media_usage: tiktok (above baseline)'
 'media_usage: snapchat (above baseline)']","This segment appears to favor short-form social video platforms, with TikTok and Snapchat usage both elevated above the broader population baseline. Despite this social media engagement, overall internet frequency is below baseline, which may suggest that their online activity is concentrated within a narrow set of mobile-first applications rather than reflecting broad or general internet consumption. The combination of signals points toward a platform-specific media behavior pattern rather than high-volume or varied digital engagement.",,,,,,,,"Young Non-Owning Singles represent approximately 14.4% of the U.S. adult population and are structurally defined by early adulthood, single marital status, and limited individual earnings—typically under $20,000—despite living in households with moderate income levels, which suggests financial dependence on or cost-sharing with other household members. The segment skews toward those with a high school education or less and is predominantly composed of non-paying occupants, indicating a residential profile consistent with shared or family housing arrangements rather than independent household formation. Politically, this group appears less aligned with the Republican Party than the general population, though the available signals do not clarify the direction or strength of any alternative political orientation. Media behavior presents a somewhat paradoxical pattern: while overall internet frequency is below baseline, TikTok and Snapchat usage are both elevated, suggesting that digital engagement may be concentrated in mobile-first, short-form social platforms rather than distributed across broader online activity. General media engagement also skews low, with this segment underrepresented among high-engagement consumers, which may indicate limited attentiveness to traditional or long-form media formats. Taken together, the profile points to a group navigating early adulthood under conditions of constrained economic independence, with a platform-specific media footprint and a political orientation that diverges from mainstream conservative alignment.","['25-34', 'female', 'white', 'hs_or_less', 'employed', '0-19k', '50-99k', 'never_married', 'no_rent', 'media_engagement_low', 'media_usage_tiktok', 'media_usage_snapchat']","['ACS_structural', 'GSS_psych', 'Pew_NPORS_media']","Segment ID: BTA_05
Segment name: Young Non-Owning Singles
Population relevance: 14.4% of the U.S. population; 14.4% of the adult population
Structural profile: Segment composed of individuals primarily aged 25-34, employed, never married, with hs or less education, individual income typically in the 0-19k range, household income typically in the 50-99k range, mostly non-paying occupants, predominantly White.
Psychological profile: This segment appears less likely than the general population to identify with the Republican Party, suggesting a potential lean toward non-conservative political orientations, though the nature of that lean cannot be specified from the available signals. Media engagement tendencies are notably skewed, with above-baseline representation among low-engagement individuals and below-baseline representation among high-engagement individuals, indicating this group may be relatively disengaged from media consumption overall. Taken together, the signals suggest a segment characterized by limited media attentiveness and a political profile that diverges from Republican alignment.
Media behavior: This segment appears to favor short-form social video platforms, with TikTok and Snapchat usage both elevated above the broader population baseline. Despite this social media engagement, overall internet frequency is below baseline, which may suggest that their online activity is concentrated within a narrow set of mobile-first applications rather than reflecting broad or general internet consumption. The combination of signals points toward a platform-specific media behavior pattern rather than high-volume or varied digital engagement.
Interpretation: This segment appears to be defined by a tension between selective social media engagement and broader digital disengagement, suggesting a narrow, mobile-first media presence rather than general online attentiveness. The combination of non-conservative political leanings, limited media engagement, and a household income profile that exceeds individual earnings may indicate a degree of economic dependency or transitional life circumstance that shapes this group's overall character."
BTA_06,6,Established Mid-Career Homeowners,v1,0.1914901139867437,0.191,,55-64,Female,White,Some_college,Employed,20-49k,100-199k,Married,Owner,"Segment composed of individuals primarily aged 55-64, employed, married, with some college education, individual income typically in the 20-49k range, household income typically in the 100-199k range, mostly homeowners, predominantly White.","['party_alignment: republican (above baseline)'
 'party_alignment: independent (below baseline)']","This segment appears to lean toward Republican party alignment at a level above the general population baseline, while showing reduced affinity for independent political identification. This pattern suggests a relatively defined partisan orientation rather than ideological ambiguity or detachment from the two-party system. The signals may indicate a tendency toward conventional or institutionally aligned political engagement rather than outsider or anti-establishment sentiment.","['media_usage: internet_frequency (below baseline)'
 'media_usage: facebook (above baseline)'
 'media_usage: radio_listener (above baseline)']","This segment appears to engage with digital media at a lower rate than the general population, suggesting a comparatively limited reliance on the broader internet for information consumption. Facebook usage is elevated above baseline, which may indicate that when online activity does occur, it tends to concentrate within established, familiar social platforms rather than across a wide range of digital environments. The above-baseline radio listenership further suggests an affinity for traditional broadcast media, potentially reflecting habitual, schedule-driven information consumption patterns.",,,,,,,,"Established Mid-Career Homeowners represent roughly one in five U.S. adults and are structurally characterized by a late-working-age profile, with most individuals in the 55–64 range who are employed, married, and homeowning, typically White, and holding some college education; while individual incomes are moderate, elevated household income levels suggest dual-income or otherwise combined household earnings. Politically, the segment appears to lean Republican at a level above the general population baseline, with reduced independent identification, suggesting a relatively settled partisan orientation aligned with conventional two-party engagement rather than anti-establishment or outsider political expression. Media behavior reinforces a profile associated with established, familiar channels: internet use is below baseline, while Facebook engagement is elevated, which may indicate that online activity, when it occurs, tends to concentrate within known platforms rather than spanning a diverse digital landscape. Above-baseline radio listenership further suggests an affinity for traditional broadcast media, potentially reflecting habitual and schedule-anchored information consumption. Taken together, the structural, attitudinal, and media signals are broadly consistent, pointing to a segment oriented toward stability and familiar institutions, though the gap between moderate individual incomes and higher household incomes introduces some ambiguity about the range of economic experiences within this group.","['55-64', 'female', 'white', 'some_college', 'employed', '20-49k', '100-199k', 'married', 'owner', 'party_alignment_republican', 'media_usage_facebook', 'media_usage_radio_listener']","['ACS_structural', 'GSS_psych', 'Pew_NPORS_media']","Segment ID: BTA_06
Segment name: Established Mid-Career Homeowners
Population relevance: 19.1% of the U.S. population; 19.1% of the adult population
Structural profile: Segment composed of individuals primarily aged 55-64, employed, married, with some college education, individual income typically in the 20-49k range, household income typically in the 100-199k range, mostly homeowners, predominantly White.
Psychological profile: This segment appears to lean toward Republican party alignment at a level above the general population baseline, while showing reduced affinity for independent political identification. This pattern suggests a relatively defined partisan orientation rather than ideological ambiguity or detachment from the two-party system. The signals may indicate a tendency toward conventional or institutionally aligned political engagement rather than outsider or anti-establishment sentiment.
Media behavior: This segment appears to engage with digital media at a lower rate than the general population, suggesting a comparatively limited reliance on the broader internet for information consumption. Facebook usage is elevated above baseline, which may indicate that when online activity does occur, it tends to concentrate within established, familiar social platforms rather than across a wide range of digital environments. The above-baseline radio listenership further suggests an affinity for traditional broadcast media, potentially reflecting habitual, schedule-driven information consumption patterns.
Interpretation: This segment appears to combine conventionally partisan political orientation with a preference for familiar, established media formats, suggesting an audience that is habitual and institutionally anchored in both civic and information-seeking behavior. The divergence between modest individual income and higher household income may indicate dual-income or partially retired household structures, adding a degree of economic heterogeneity beneath an otherwise relatively cohesive demographic profile."
